{"cameraMode":{"drawMode":0,"name":"Shaded","section":"Shading Mode"},"sceneLighting":true,"audioPlay":false,"sceneViewState":{"showFog":true,"showMaterialUpdate":false,"showSkybox":true,"showFlares":true,"showImageEffects":true,"showParticleSystems":true},"in2DMode":false,"pivot":{"x":-0.24967193603515626,"y":-0.04636192321777344,"z":-7.034585952758789},"rotation":{"x":0.1000404879450798,"y":-0.8811233639717102,"z":0.21562576293945313,"w":0.4088016152381897},"size":5.90639066696167,"orthographic":true}