{"cameraMode":{"drawMode":0,"name":"Shaded","section":"Shading Mode"},"sceneLighting":true,"audioPlay":false,"sceneViewState":{"showFog":true,"showMaterialUpdate":false,"showSkybox":true,"showFlares":true,"showImageEffects":true,"showParticleSystems":true},"in2DMode":false,"pivot":{"x":-0.24967193603515626,"y":-0.04636192321777344,"z":-7.034585952758789},"rotation":{"x":0.05690039321780205,"y":-0.9348710775375366,"z":0.175337016582489,"w":0.3033832013607025},"size":5.90639066696167,"orthographic":true}